injection_time,qubit,subsystem,local_index,pauli,operator,gauss_syndrome,gauss_detected,wilson_flipped,diagnostic_class,state_fidelity_immediately_after_error,max_abs_imbalance_error_after_injection,time_of_max_error,final_abs_imbalance_error
0.0,0,matter,0,X,IIIIIIIX,1000,True,False,gauss_only,8.643555347962872e-33,1.2172711973516457,2.0,1.2172711973516457
0.0,0,matter,0,Y,IIIIIIIY,1000,True,False,gauss_only,0.0,1.2172711973516455,2.0,1.2172711973516455
0.0,0,matter,0,Z,IIIIIIIZ,0000,False,False,undetected_by_gauss_and_wilson,1.0000000000000004,7.771561172376096e-16,0.125,6.661338147750939e-16
0.0,1,matter,1,X,IIIIIIXI,0100,True,False,gauss_only,1.4015979647634244e-32,1.2172711973516461,2.0,1.2172711973516461
0.0,1,matter,1,Y,IIIIIIYI,0100,True,False,gauss_only,0.0,1.2172711973516461,2.0,1.2172711973516461
0.0,1,matter,1,Z,IIIIIIZI,0000,False,False,undetected_by_gauss_and_wilson,1.0000000000000004,6.661338147750939e-16,2.0,6.661338147750939e-16
0.0,2,matter,2,X,IIIIIXII,0010,True,False,gauss_only,2.1503178062903632e-32,1.2172711973516457,2.0,1.2172711973516457
0.0,2,matter,2,Y,IIIIIYII,0010,True,False,gauss_only,2.158724553212336e-65,1.2172711973516457,2.0,1.2172711973516457
0.0,2,matter,2,Z,IIIIIZII,0000,False,False,undetected_by_gauss_and_wilson,1.0000000000000004,7.771561172376096e-16,0.125,6.661338147750939e-16
0.0,3,matter,3,X,IIIIXIII,0001,True,False,gauss_only,3.315372776538198e-33,1.2172711973516472,2.0,1.2172711973516472
0.0,3,matter,3,Y,IIIIYIII,0001,True,False,gauss_only,1.4092792255693767e-65,1.2172711973516472,2.0,1.2172711973516472
0.0,3,matter,3,Z,IIIIZIII,0000,False,False,undetected_by_gauss_and_wilson,1.0000000000000004,6.661338147750939e-16,0.125,4.440892098500626e-16
0.0,4,link,0,X,IIIXIIII,1100,True,False,gauss_only,8.690758874047452e-33,1.3322676295501878e-15,0.125,8.881784197001252e-16
0.0,4,link,0,Y,IIIYIIII,1100,True,True,gauss_and_wilson,7.456158558434335e-66,1.4800584050526302,1.875,1.4522444895253515
0.0,4,link,0,Z,IIIZIIII,0000,False,True,wilson_only,1.142340848513803e-30,1.4800584050526306,1.875,1.4522444895253517
0.0,5,link,1,X,IIXIIIII,0110,True,False,gauss_only,2.9929553188885244e-31,2.3314683517128287e-15,1.625,2.1094237467877974e-15
0.0,5,link,1,Y,IIYIIIII,0110,True,True,gauss_and_wilson,4.759853481509675e-64,1.4800584050526322,1.875,1.4522444895253535
0.0,5,link,1,Z,IIZIIIII,0000,False,True,wilson_only,1.142340848513803e-30,1.4800584050526306,1.875,1.452244489525352
0.0,6,link,2,X,IXIIIIII,0011,True,False,gauss_only,4.992010415851716e-31,1.1102230246251565e-15,0.125,8.881784197001252e-16
0.0,6,link,2,Y,IYIIIIII,0011,True,True,gauss_and_wilson,1.5100545029155348e-64,1.4800584050526306,1.875,1.452244489525352
0.0,6,link,2,Z,IZIIIIII,0000,False,True,wilson_only,1.142340848513803e-30,1.4800584050526306,1.875,1.4522444895253517
0.0,7,link,3,X,XIIIIIII,1001,True,False,gauss_only,3.851859888774479e-32,9.992007221626409e-16,2.0,9.992007221626409e-16
0.0,7,link,3,Y,YIIIIIII,1001,True,True,gauss_and_wilson,1.0112188334881504e-63,1.4800584050526298,1.875,1.452244489525351
0.0,7,link,3,Z,ZIIIIIII,0000,False,True,wilson_only,1.1423408485138025e-30,1.4800584050526306,1.875,1.4522444895253517
0.25,0,matter,0,X,IIIIIIIX,1000,True,False,gauss_only,8.229207001756234e-33,1.217781459095368,2.0,1.217781459095368
0.25,0,matter,0,Y,IIIIIIIY,1000,True,False,gauss_only,4.4589728439909153e-35,1.217781459095368,2.0,1.217781459095368
0.25,0,matter,0,Z,IIIIIIIZ,0000,False,False,undetected_by_gauss_and_wilson,0.7757216341764755,0.3763581090447802,1.75,0.2925388580165833
0.25,1,matter,1,X,IIIIIIXI,0100,True,False,gauss_only,8.642052975248314e-33,1.217781459095368,2.0,1.217781459095368
0.25,1,matter,1,Y,IIIIIIYI,0100,True,False,gauss_only,5.810506236773039e-33,1.2177814590953677,2.0,1.2177814590953677
0.25,1,matter,1,Z,IIIIIIZI,0000,False,False,undetected_by_gauss_and_wilson,0.775721634176475,0.3763581090447804,1.75,0.2925388580165831
0.25,2,matter,2,X,IIIIIXII,0010,True,False,gauss_only,2.4222124173114114e-32,1.2177814590953675,2.0,1.2177814590953675
0.25,2,matter,2,Y,IIIIIYII,0010,True,False,gauss_only,1.0203287703729895e-33,1.2177814590953673,2.0,1.2177814590953673
0.25,2,matter,2,Z,IIIIIZII,0000,False,False,undetected_by_gauss_and_wilson,0.7757216341764752,0.3763581090447803,1.75,0.29253885801658286
0.25,3,matter,3,X,IIIIXIII,0001,True,False,gauss_only,2.1031688416038625e-33,1.2177814590953688,2.0,1.2177814590953688
0.25,3,matter,3,Y,IIIIYIII,0001,True,False,gauss_only,8.99704599724636e-34,1.217781459095369,2.0,1.217781459095369
0.25,3,matter,3,Z,IIIIZIII,0000,False,False,undetected_by_gauss_and_wilson,0.7757216341764753,0.3763581090447802,1.75,0.2925388580165834
0.25,4,link,0,X,IIIXIIII,1100,True,False,gauss_only,1.136673067805771e-32,8.881784197001252e-16,0.25,8.881784197001252e-16
0.25,4,link,0,Y,IIIYIIII,1100,True,True,gauss_and_wilson,2.806548925573782e-34,1.4777749821515136,1.875,1.453265013012795
0.25,4,link,0,Z,IIIZIIII,0000,False,True,wilson_only,1.2244639640205553e-30,1.4777749821515145,1.875,1.4532650130127953
0.25,5,link,1,X,IIXIIIII,0110,True,False,gauss_only,2.7296035437413e-31,2.1094237467877974e-15,2.0,2.1094237467877974e-15
0.25,5,link,1,Y,IIYIIIII,0110,True,True,gauss_and_wilson,3.469999632790376e-35,1.5603143900989833,2.0,1.5603143900989833
0.25,5,link,1,Z,IIZIIIII,0000,False,True,wilson_only,1.0004672228237904e-30,1.5603143900989824,2.0,1.5603143900989824
0.25,6,link,2,X,IXIIIIII,0011,True,False,gauss_only,5.0930298525291915e-31,6.661338147750939e-16,1.75,6.661338147750939e-16
0.25,6,link,2,Y,IYIIIIII,0011,True,True,gauss_and_wilson,3.947349111619694e-33,1.4777749821515145,1.875,1.4532650130127958
0.25,6,link,2,Z,IZIIIIII,0000,False,True,wilson_only,1.1732006376756356e-30,1.4777749821515143,1.875,1.4532650130127953
0.25,7,link,3,X,XIIIIIII,1001,True,False,gauss_only,2.3984957679455684e-32,7.771561172376096e-16,1.75,5.551115123125783e-16
0.25,7,link,3,Y,YIIIIIII,1001,True,True,gauss_and_wilson,2.436479378423533e-33,1.560314390098981,2.0,1.560314390098981
0.25,7,link,3,Z,ZIIIIIII,0000,False,True,wilson_only,1.0941464939033813e-30,1.560314390098982,2.0,1.560314390098982
0.5,0,matter,0,X,IIIIIIIX,1000,True,False,gauss_only,5.389514104992062e-33,1.2026568449423207,2.0,1.2026568449423207
0.5,0,matter,0,Y,IIIIIIIY,1000,True,False,gauss_only,1.9158470641852833e-33,1.202656844942321,2.0,1.202656844942321
0.5,0,matter,0,Z,IIIIIIIZ,0000,False,False,undetected_by_gauss_and_wilson,0.34456232214697047,0.7256296705753434,1.875,0.7111837031392017
0.5,1,matter,1,X,IIIIIIXI,0100,True,False,gauss_only,3.013349559932318e-34,1.202656844942321,2.0,1.202656844942321
0.5,1,matter,1,Y,IIIIIIYI,0100,True,False,gauss_only,9.62949258049912e-33,1.202656844942321,2.0,1.202656844942321
0.5,1,matter,1,Z,IIIIIIZI,0000,False,False,undetected_by_gauss_and_wilson,0.3445623221469696,0.725629670575344,1.875,0.7111837031392019
0.5,2,matter,2,X,IIIIIXII,0010,True,False,gauss_only,3.340557087447161e-32,1.2026568449423207,2.0,1.2026568449423207
0.5,2,matter,2,Y,IIIIIYII,0010,True,False,gauss_only,6.803210322291818e-33,1.2026568449423207,2.0,1.2026568449423207
0.5,2,matter,2,Z,IIIIIZII,0000,False,False,undetected_by_gauss_and_wilson,0.3445623221469698,0.7256296705753437,1.875,0.7111837031392017
0.5,3,matter,3,X,IIIIXIII,0001,True,False,gauss_only,1.581870088742558e-33,1.2026568449423216,2.0,1.2026568449423216
0.5,3,matter,3,Y,IIIIYIII,0001,True,False,gauss_only,3.5944256220567577e-34,1.2026568449423216,2.0,1.2026568449423216
0.5,3,matter,3,Z,IIIIZIII,0000,False,False,undetected_by_gauss_and_wilson,0.34456232214697036,0.7256296705753438,1.875,0.7111837031392017
0.5,4,link,0,X,IIIXIIII,1100,True,False,gauss_only,7.427244356844471e-33,6.661338147750939e-16,0.5,3.3306690738754696e-16
0.5,4,link,0,Y,IIIYIIII,1100,True,True,gauss_and_wilson,5.176445681156739e-33,1.424540778225205,1.875,1.4230157847067018
0.5,4,link,0,Z,IIIZIIII,0000,False,True,wilson_only,6.202879493331129e-31,1.4245407782252055,1.875,1.423015784706702
0.5,5,link,1,X,IIXIIIII,0110,True,False,gauss_only,2.3355896961352797e-31,1.6653345369377348e-15,1.75,1.6653345369377348e-15
0.5,5,link,1,Y,IIYIIIII,0110,True,True,gauss_and_wilson,1.4373256609707999e-34,1.4064953118169792,2.0,1.4064953118169792
0.5,5,link,1,Z,IIZIIIII,0000,False,True,wilson_only,1.5655339509423011e-31,1.4064953118169787,2.0,1.4064953118169787
0.5,6,link,2,X,IXIIIIII,0011,True,False,gauss_only,6.60593744572101e-31,7.771561172376096e-16,0.5,6.661338147750939e-16
0.5,6,link,2,Y,IYIIIIII,0011,True,True,gauss_and_wilson,1.0083549666648128e-32,1.424540778225205,1.875,1.423015784706702
0.5,6,link,2,Z,IZIIIIII,0000,False,True,wilson_only,4.3395654936536645e-31,1.4245407782252053,1.875,1.4230157847067018
0.5,7,link,3,X,XIIIIIII,1001,True,False,gauss_only,1.5512265148937523e-32,8.881784197001252e-16,1.75,6.661338147750939e-16
0.5,7,link,3,Y,YIIIIIII,1001,True,True,gauss_and_wilson,3.423484439933073e-33,1.4064953118169778,2.0,1.4064953118169778
0.5,7,link,3,Z,ZIIIIIII,0000,False,True,wilson_only,2.777916444011343e-31,1.4064953118169785,2.0,1.4064953118169785
0.75,0,matter,0,X,IIIIIIIX,1000,True,False,gauss_only,1.5162565375843324e-33,1.120712167153815,2.0,1.120712167153815
0.75,0,matter,0,Y,IIIIIIIY,1000,True,False,gauss_only,2.1759729281816298e-32,1.1207121671538152,2.0,1.1207121671538152
0.75,0,matter,0,Z,IIIIIIIZ,0000,False,False,undetected_by_gauss_and_wilson,0.07637887278573116,0.929549753260674,2.0,0.929549753260674
0.75,1,matter,1,X,IIIIIIXI,0100,True,False,gauss_only,6.154957817410452e-33,1.120712167153815,2.0,1.120712167153815
0.75,1,matter,1,Y,IIIIIIYI,0100,True,False,gauss_only,7.870532684110855e-33,1.1207121671538152,2.0,1.1207121671538152
0.75,1,matter,1,Z,IIIIIIZI,0000,False,False,undetected_by_gauss_and_wilson,0.07637887278573068,0.9295497532606745,2.0,0.9295497532606745
0.75,2,matter,2,X,IIIIIXII,0010,True,False,gauss_only,4.9206989031192876e-32,1.120712167153815,2.0,1.120712167153815
0.75,2,matter,2,Y,IIIIIYII,0010,True,False,gauss_only,1.1349441969039553e-32,1.1207121671538147,2.0,1.1207121671538147
0.75,2,matter,2,Z,IIIIIZII,0000,False,False,undetected_by_gauss_and_wilson,0.0763788727857308,0.9295497532606745,2.0,0.9295497532606745
0.75,3,matter,3,X,IIIIXIII,0001,True,False,gauss_only,5.4311555277264796e-33,1.1207121671538154,2.0,1.1207121671538154
0.75,3,matter,3,Y,IIIIYIII,0001,True,False,gauss_only,5.226998787923901e-36,1.1207121671538156,2.0,1.1207121671538156
0.75,3,matter,3,Z,IIIIZIII,0000,False,False,undetected_by_gauss_and_wilson,0.07637887278573104,0.9295497532606745,2.0,0.9295497532606745
0.75,4,link,0,X,IIIXIIII,1100,True,False,gauss_only,2.0740207340873426e-32,5.273559366969494e-16,1.0,3.3306690738754696e-16
0.75,4,link,0,Y,IIIYIIII,1100,True,True,gauss_and_wilson,1.493510216573531e-32,1.2591264291296898,2.0,1.2591264291296898
0.75,4,link,0,Z,IIIZIIII,0000,False,True,wilson_only,6.906499304292047e-31,1.2591264291296904,2.0,1.2591264291296904
0.75,5,link,1,X,IIXIIIII,0110,True,False,gauss_only,1.854294481196013e-31,1.5543122344752192e-15,1.625,1.5543122344752192e-15
0.75,5,link,1,Y,IIYIIIII,0110,True,True,gauss_and_wilson,5.977363262355844e-33,1.1506453651824256,2.0,1.1506453651824256
0.75,5,link,1,Z,IIZIIIII,0000,False,True,wilson_only,1.5121483662572287e-32,1.1506453651824256,2.0,1.1506453651824256
0.75,6,link,2,X,IXIIIIII,0011,True,False,gauss_only,6.8365507424402465e-31,6.661338147750939e-16,1.5,6.661338147750939e-16
0.75,6,link,2,Y,IYIIIIII,0011,True,True,gauss_and_wilson,2.7727763735632667e-32,1.2591264291296904,2.0,1.2591264291296904
0.75,6,link,2,Z,IZIIIIII,0000,False,True,wilson_only,3.086637477432782e-31,1.2591264291296898,2.0,1.2591264291296898
0.75,7,link,3,X,XIIIIIII,1001,True,False,gauss_only,4.77625182905028e-33,6.661338147750939e-16,1.5,6.661338147750939e-16
0.75,7,link,3,Y,YIIIIIII,1001,True,True,gauss_and_wilson,1.769713773794071e-33,1.1506453651824253,2.0,1.1506453651824253
0.75,7,link,3,Z,ZIIIIIII,0000,False,True,wilson_only,7.085037540217464e-32,1.1506453651824256,2.0,1.1506453651824256
1.0,0,matter,0,X,IIIIIIIX,1000,True,False,gauss_only,3.12555853933665e-34,0.9448888790660476,2.0,0.9448888790660476
1.0,0,matter,0,Y,IIIIIIIY,1000,True,False,gauss_only,9.623998993395083e-32,0.9448888790660476,2.0,0.9448888790660476
1.0,0,matter,0,Z,IIIIIIIZ,0000,False,False,undetected_by_gauss_and_wilson,0.013353857150433555,0.968944048027507,2.0,0.968944048027507
1.0,1,matter,1,X,IIIIIIXI,0100,True,False,gauss_only,1.4328624545576618e-32,0.9448888790660475,2.0,0.9448888790660475
1.0,1,matter,1,Y,IIIIIIYI,0100,True,False,gauss_only,7.958845476465923e-33,0.9448888790660477,2.0,0.9448888790660477
1.0,1,matter,1,Z,IIIIIIZI,0000,False,False,undetected_by_gauss_and_wilson,0.01335385715043335,0.9689440480275071,2.0,0.9689440480275071
1.0,2,matter,2,X,IIIIIXII,0010,True,False,gauss_only,6.60160984419644e-32,0.9448888790660476,2.0,0.9448888790660476
1.0,2,matter,2,Y,IIIIIYII,0010,True,False,gauss_only,4.248939483297154e-33,0.9448888790660473,2.0,0.9448888790660473
1.0,2,matter,2,Z,IIIIIZII,0000,False,False,undetected_by_gauss_and_wilson,0.013353857150433485,0.9689440480275071,2.0,0.9689440480275071
1.0,3,matter,3,X,IIIIXIII,0001,True,False,gauss_only,1.3651937531302445e-32,0.9448888790660477,2.0,0.9448888790660477
1.0,3,matter,3,Y,IIIIYIII,0001,True,False,gauss_only,6.888027874307356e-34,0.9448888790660477,2.0,0.9448888790660477
1.0,3,matter,3,Z,IIIIZIII,0000,False,False,undetected_by_gauss_and_wilson,0.013353857150433426,0.9689440480275069,2.0,0.9689440480275069
1.0,4,link,0,X,IIIXIIII,1100,True,False,gauss_only,7.452934439883981e-33,7.771561172376096e-16,1.875,3.3306690738754696e-16
1.0,4,link,0,Y,IIIYIIII,1100,True,True,gauss_and_wilson,2.2937350021507954e-32,0.9074798529541547,2.0,0.9074798529541547
1.0,4,link,0,Z,IIIZIIII,0000,False,True,wilson_only,5.158563465534767e-31,0.9074798529541552,2.0,0.9074798529541552
1.0,5,link,1,X,IIXIIIII,0110,True,False,gauss_only,1.3871663697759127e-31,1.6653345369377348e-15,2.0,1.6653345369377348e-15
1.0,5,link,1,Y,IIYIIIII,0110,True,True,gauss_and_wilson,1.9903153125063994e-32,1.0182418559726791,2.0,1.0182418559726791
1.0,5,link,1,Z,IIZIIIII,0000,False,True,wilson_only,1.4052968125584092e-32,1.0182418559726791,2.0,1.0182418559726791
1.0,6,link,2,X,IXIIIIII,0011,True,False,gauss_only,6.755138195275539e-31,8.881784197001252e-16,2.0,8.881784197001252e-16
1.0,6,link,2,Y,IYIIIIII,0011,True,True,gauss_and_wilson,3.8483046856928984e-32,0.9074798529541552,2.0,0.9074798529541552
1.0,6,link,2,Z,IZIIIIII,0000,False,True,wilson_only,2.6517847059493706e-32,0.9074798529541545,2.0,0.9074798529541545
1.0,7,link,3,X,XIIIIIII,1001,True,False,gauss_only,3.9050871462900854e-33,6.661338147750939e-16,1.75,4.440892098500626e-16
1.0,7,link,3,Y,YIIIIIII,1001,True,True,gauss_and_wilson,9.369226390451724e-34,1.0182418559726794,2.0,1.0182418559726794
1.0,7,link,3,Z,ZIIIIIII,0000,False,True,wilson_only,2.089120386279063e-33,1.0182418559726794,2.0,1.0182418559726794
1.25,0,matter,0,X,IIIIIIIX,1000,True,False,gauss_only,7.524808047078156e-34,0.7278432436266808,2.0,0.7278432436266808
1.25,0,matter,0,Y,IIIIIIIY,1000,True,False,gauss_only,2.078236047698324e-31,0.7278432436266808,2.0,0.7278432436266808
1.25,0,matter,0,Z,IIIIIIIZ,0000,False,False,undetected_by_gauss_and_wilson,0.036428496902441716,0.9295497532606742,2.0,0.9295497532606742
1.25,1,matter,1,X,IIIIIIXI,0100,True,False,gauss_only,2.8879824675199804e-33,0.7278432436266806,2.0,0.7278432436266806
1.25,1,matter,1,Y,IIIIIIYI,0100,True,False,gauss_only,6.742865376059105e-33,0.7278432436266808,2.0,0.7278432436266808
1.25,1,matter,1,Z,IIIIIIZI,0000,False,False,undetected_by_gauss_and_wilson,0.03642849690244155,0.9295497532606746,2.0,0.9295497532606746
1.25,2,matter,2,X,IIIIIXII,0010,True,False,gauss_only,7.731156474783722e-32,0.7278432436266811,2.0,0.7278432436266811
1.25,2,matter,2,Y,IIIIIYII,0010,True,False,gauss_only,2.7741717931798933e-35,0.7278432436266812,2.0,0.7278432436266812
1.25,2,matter,2,Z,IIIIIZII,0000,False,False,undetected_by_gauss_and_wilson,0.036428496902441765,0.9295497532606742,2.0,0.9295497532606742
1.25,3,matter,3,X,IIIIXIII,0001,True,False,gauss_only,1.0325239679261035e-32,0.7278432436266806,2.0,0.7278432436266806
1.25,3,matter,3,Y,IIIIYIII,0001,True,False,gauss_only,4.4285182384942764e-33,0.7278432436266806,2.0,0.7278432436266806
1.25,3,matter,3,Z,IIIIZIII,0000,False,False,undetected_by_gauss_and_wilson,0.036428496902441515,0.9295497532606743,2.0,0.9295497532606743
1.25,4,link,0,X,IIIXIIII,1100,True,False,gauss_only,8.89549192014345e-33,8.881784197001252e-16,1.875,4.440892098500626e-16
1.25,4,link,0,Y,IIIYIIII,1100,True,True,gauss_and_wilson,1.7410533594939038e-32,0.4733885820754208,2.0,0.4733885820754208
1.25,4,link,0,Z,IIIZIIII,0000,False,True,wilson_only,3.0421650677141074e-31,0.473388582075421,2.0,0.473388582075421
1.25,5,link,1,X,IIXIIIII,0110,True,False,gauss_only,1.462645802421852e-31,1.5543122344752192e-15,2.0,1.5543122344752192e-15
1.25,5,link,1,Y,IIYIIIII,0110,True,True,gauss_and_wilson,4.5134187831648294e-32,0.9609738158565531,2.0,0.9609738158565531
1.25,5,link,1,Z,IIZIIIII,0000,False,True,wilson_only,2.9769804043261303e-32,0.9609738158565533,2.0,0.9609738158565533
1.25,6,link,2,X,IXIIIIII,0011,True,False,gauss_only,6.371861372300129e-31,8.881784197001252e-16,2.0,8.881784197001252e-16
1.25,6,link,2,Y,IYIIIIII,0011,True,True,gauss_and_wilson,6.842812217228167e-32,0.4733885820754212,2.0,0.4733885820754212
1.25,6,link,2,Z,IZIIIIII,0000,False,True,wilson_only,2.682291424688999e-32,0.4733885820754208,2.0,0.4733885820754208
1.25,7,link,3,X,XIIIIIII,1001,True,False,gauss_only,6.832745508135465e-33,6.661338147750939e-16,1.75,6.661338147750939e-16
1.25,7,link,3,Y,YIIIIIII,1001,True,True,gauss_and_wilson,2.957948714697367e-33,0.9609738158565533,2.0,0.9609738158565533
1.25,7,link,3,Z,ZIIIIIII,0000,False,True,wilson_only,2.351691717631818e-34,0.9609738158565533,2.0,0.9609738158565533
1.5,0,matter,0,X,IIIIIIIX,1000,True,False,gauss_only,1.048722885411986e-33,0.5649710211945861,2.0,0.5649710211945861
1.5,0,matter,0,Y,IIIIIIIY,1000,True,False,gauss_only,2.620912294471191e-31,0.5649710211945862,2.0,0.5649710211945862
1.5,0,matter,0,Z,IIIIIIIZ,0000,False,False,undetected_by_gauss_and_wilson,0.21332254231717743,0.7111837031392017,2.0,0.7111837031392017
1.5,1,matter,1,X,IIIIIIXI,0100,True,False,gauss_only,6.474208593552197e-33,0.5649710211945862,2.0,0.5649710211945862
1.5,1,matter,1,Y,IIIIIIYI,0100,True,False,gauss_only,1.8868569263099197e-33,0.564971021194586,2.0,0.564971021194586
1.5,1,matter,1,Z,IIIIIIZI,0000,False,False,undetected_by_gauss_and_wilson,0.21332254231717762,0.711183703139202,2.0,0.711183703139202
1.5,2,matter,2,X,IIIIIXII,0010,True,False,gauss_only,8.570953533522415e-32,0.5649710211945866,2.0,0.5649710211945866
1.5,2,matter,2,Y,IIIIIYII,0010,True,False,gauss_only,1.9230297320547101e-35,0.5649710211945864,2.0,0.5649710211945864
1.5,2,matter,2,Z,IIIIIZII,0000,False,False,undetected_by_gauss_and_wilson,0.2133225423171778,0.7111837031392017,2.0,0.7111837031392017
1.5,3,matter,3,X,IIIIXIII,0001,True,False,gauss_only,4.0014300013224677e-35,0.5649710211945858,2.0,0.5649710211945858
1.5,3,matter,3,Y,IIIIYIII,0001,True,False,gauss_only,7.008788284406088e-33,0.5649710211945855,2.0,0.5649710211945855
1.5,3,matter,3,Z,IIIIZIII,0000,False,False,undetected_by_gauss_and_wilson,0.2133225423171772,0.7111837031392019,2.0,0.7111837031392019
1.5,4,link,0,X,IIIXIIII,1100,True,False,gauss_only,1.639027925323494e-32,6.661338147750939e-16,1.875,2.220446049250313e-16
1.5,4,link,0,Y,IIIYIIII,1100,True,True,gauss_and_wilson,2.8016092975723953e-33,0.14764413721123115,2.0,0.14764413721123115
1.5,4,link,0,Z,IIIZIIII,0000,False,True,wilson_only,2.0590961385166345e-31,0.14764413721123104,2.0,0.14764413721123104
1.5,5,link,1,X,IIXIIIII,0110,True,False,gauss_only,1.7297091631024696e-31,1.1102230246251565e-15,2.0,1.1102230246251565e-15
1.5,5,link,1,Y,IIYIIIII,0110,True,True,gauss_and_wilson,5.718294231413537e-32,0.7284388512358314,2.0,0.7284388512358314
1.5,5,link,1,Z,IIZIIIII,0000,False,True,wilson_only,4.254289701583905e-36,0.7284388512358319,2.0,0.7284388512358319
1.5,6,link,2,X,IXIIIIII,0011,True,False,gauss_only,6.946104939438718e-31,6.661338147750939e-16,1.5,6.661338147750939e-16
1.5,6,link,2,Y,IYIIIIII,0011,True,True,gauss_and_wilson,9.706622055921666e-32,0.1476441372112316,2.0,0.1476441372112316
1.5,6,link,2,Z,IZIIIIII,0000,False,True,wilson_only,7.549912741090969e-32,0.14764413721123093,2.0,0.14764413721123093
1.5,7,link,3,X,XIIIIIII,1001,True,False,gauss_only,9.524204037530293e-33,4.440892098500626e-16,1.75,4.440892098500626e-16
1.5,7,link,3,Y,YIIIIIII,1001,True,True,gauss_and_wilson,3.832524584981432e-33,0.7284388512358322,2.0,0.7284388512358322
1.5,7,link,3,Z,ZIIIIIII,0000,False,True,wilson_only,1.2759970383138342e-32,0.728438851235832,2.0,0.728438851235832
1.75,0,matter,0,X,IIIIIIIX,1000,True,False,gauss_only,1.4827057893365594e-34,0.4993453586861565,2.0,0.4993453586861565
1.75,0,matter,0,Y,IIIIIIIY,1000,True,False,gauss_only,2.3387869604665265e-31,0.49934535868615637,2.0,0.49934535868615637
1.75,0,matter,0,Z,IIIIIIIZ,0000,False,False,undetected_by_gauss_and_wilson,0.6133225143914278,0.2925388580165835,2.0,0.2925388580165835
1.75,1,matter,1,X,IIIIIIXI,0100,True,False,gauss_only,3.5224703488594047e-32,0.4993453586861567,2.0,0.4993453586861567
1.75,1,matter,1,Y,IIIIIIYI,0100,True,False,gauss_only,3.322686884301753e-34,0.49934535868615676,2.0,0.49934535868615676
1.75,1,matter,1,Z,IIIIIIZI,0000,False,False,undetected_by_gauss_and_wilson,0.6133225143914285,0.2925388580165831,2.0,0.2925388580165831
1.75,2,matter,2,X,IIIIIXII,0010,True,False,gauss_only,9.73213357179794e-32,0.49934535868615715,2.0,0.49934535868615715
1.75,2,matter,2,Y,IIIIIYII,0010,True,False,gauss_only,7.2104961879904395e-34,0.49934535868615704,2.0,0.49934535868615704
1.75,2,matter,2,Z,IIIIIZII,0000,False,False,undetected_by_gauss_and_wilson,0.6133225143914287,0.2925388580165833,2.0,0.2925388580165833
1.75,3,matter,3,X,IIIIXIII,0001,True,False,gauss_only,1.6546884771758831e-32,0.49934535868615576,2.0,0.49934535868615576
1.75,3,matter,3,Y,IIIIYIII,0001,True,False,gauss_only,1.0431606370217126e-32,0.49934535868615576,2.0,0.49934535868615576
1.75,3,matter,3,Z,IIIIZIII,0000,False,False,undetected_by_gauss_and_wilson,0.6133225143914276,0.2925388580165833,2.0,0.2925388580165833
1.75,4,link,0,X,IIIXIIII,1100,True,False,gauss_only,1.086034813212122e-32,8.881784197001252e-16,1.875,6.661338147750939e-16
1.75,4,link,0,Y,IIIYIIII,1100,True,True,gauss_and_wilson,1.6080079321234578e-33,0.016392812194372164,2.0,0.016392812194372164
1.75,4,link,0,Z,IIIZIIII,0000,False,True,wilson_only,2.7658571476803916e-31,0.016392812194371942,2.0,0.016392812194371942
1.75,5,link,1,X,IIXIIIII,0110,True,False,gauss_only,2.4395957515140504e-31,1.7763568394002505e-15,1.875,1.5543122344752192e-15
1.75,5,link,1,Y,IIYIIIII,0110,True,True,gauss_and_wilson,3.400554774757765e-32,0.2945237189103084,2.0,0.2945237189103084
1.75,5,link,1,Z,IIZIIIII,0000,False,True,wilson_only,1.0245005361388482e-31,0.2945237189103087,2.0,0.2945237189103087
1.75,6,link,2,X,IXIIIIII,0011,True,False,gauss_only,5.824035893527747e-31,7.771561172376096e-16,1.875,6.661338147750939e-16
1.75,6,link,2,Y,IYIIIIII,0011,True,True,gauss_and_wilson,1.5034456810694164e-31,0.016392812194372608,2.0,0.016392812194372608
1.75,6,link,2,Z,IZIIIIII,0000,False,True,wilson_only,2.2915837026829534e-31,0.016392812194371387,2.0,0.016392812194371387
1.75,7,link,3,X,XIIIIIII,1001,True,False,gauss_only,2.55833213029221e-32,6.661338147750939e-16,2.0,6.661338147750939e-16
1.75,7,link,3,Y,YIIIIIII,1001,True,True,gauss_and_wilson,9.491031096915576e-33,0.29452371891030993,2.0,0.29452371891030993
1.75,7,link,3,Z,ZIIIIIII,0000,False,True,wilson_only,1.9339536961620329e-31,0.29452371891030915,2.0,0.29452371891030915
