candidate,time,dt,trotter_steps,readout_mode,trotter_sector_separation,minimum_state_fidelity,source_qubit_count,source_max_depth,source_max_two_qubit_gate_count,source_measurement_count,depth_reduction_vs_current_joint,two_qubit_reduction_vs_current_joint,two_qubit_reduction_fraction_vs_current_joint,signal_per_two_qubit_gate,signal_gate_passed,fidelity_gate_passed,algorithmic_gate_passed,recommended
"t=0.2,dt=0.2",0.2,0.2,1,joint,0.0,0.9976678334238821,12,80,48,8,58,32,0.4,0.0,False,True,False,False
"t=0.2,dt=0.2",0.2,0.2,1,wilson_matter,0.0,0.9976678334238821,9,79,39,5,59,41,0.5125,0.0,False,True,False,False
"t=0.2,dt=0.2",0.2,0.2,1,matter_only,0.0,0.9976678334238821,8,69,35,4,69,45,0.5625,0.0,False,True,False,False
"t=0.3,dt=0.3",0.3,0.3,1,joint,0.0,0.9886246940496982,12,80,48,8,58,32,0.4,0.0,False,True,False,False
"t=0.3,dt=0.3",0.3,0.3,1,wilson_matter,0.0,0.9886246940496982,9,79,39,5,59,41,0.5125,0.0,False,True,False,False
"t=0.3,dt=0.3",0.3,0.3,1,matter_only,0.0,0.9886246940496982,8,69,35,4,69,45,0.5625,0.0,False,True,False,False
"t=0.4,dt=0.4",0.4,0.4,1,joint,0.0,0.9659512581054461,12,80,48,8,58,32,0.4,0.0,False,True,False,False
"t=0.4,dt=0.4",0.4,0.4,1,wilson_matter,0.0,0.9659512581054461,9,79,39,5,59,41,0.5125,0.0,False,True,False,False
"t=0.4,dt=0.4",0.4,0.4,1,matter_only,0.0,0.9659512581054461,8,69,35,4,69,45,0.5625,0.0,False,True,False,False
"t=0.5,dt=0.5",0.5,0.5,1,joint,0.0,0.9227480350922974,12,80,48,8,58,32,0.4,0.0,False,True,False,False
"t=0.5,dt=0.5",0.5,0.5,1,wilson_matter,0.0,0.9227480350922974,9,79,39,5,59,41,0.5125,0.0,False,True,False,False
"t=0.5,dt=0.5",0.5,0.5,1,matter_only,0.0,0.9227480350922974,8,69,35,4,69,45,0.5625,0.0,False,True,False,False
"t=0.6,dt=0.6",0.6,0.6,1,joint,0.0,0.854169194028225,12,80,48,8,58,32,0.4,0.0,False,True,False,False
"t=0.6,dt=0.6",0.6,0.6,1,wilson_matter,0.0,0.854169194028225,9,79,39,5,59,41,0.5125,0.0,False,True,False,False
"t=0.6,dt=0.6",0.6,0.6,1,matter_only,0.0,0.854169194028225,8,69,35,4,69,45,0.5625,0.0,False,True,False,False
"t=0.7,dt=0.7",0.7,0.7,1,joint,0.0,0.7594316312050046,12,80,48,8,58,32,0.4,0.0,False,False,False,False
"t=0.7,dt=0.7",0.7,0.7,1,wilson_matter,0.0,0.7594316312050046,9,79,39,5,59,41,0.5125,0.0,False,False,False,False
"t=0.7,dt=0.7",0.7,0.7,1,matter_only,0.0,0.7594316312050046,8,69,35,4,69,45,0.5625,0.0,False,False,False,False
"t=0.8,dt=0.8",0.8,0.8,1,joint,0.0,0.6430335244154536,12,80,48,8,58,32,0.4,0.0,False,False,False,False
"t=0.8,dt=0.8",0.8,0.8,1,wilson_matter,0.0,0.6430335244154536,9,79,39,5,59,41,0.5125,0.0,False,False,False,False
"t=0.8,dt=0.8",0.8,0.8,1,matter_only,0.0,0.6430335244154536,8,69,35,4,69,45,0.5625,0.0,False,False,False,False
"t=0.6,dt=0.3",0.6,0.3,2,joint,0.054370587312268626,0.9645376090391543,12,138,80,8,0,0,0.0,0.0006796323414033578,False,True,False,False
"t=0.6,dt=0.3",0.6,0.3,2,wilson_matter,0.054370587312268626,0.9645376090391543,9,137,71,5,1,9,0.1125,0.0007657829198911074,False,True,False,False
"t=0.6,dt=0.3",0.6,0.3,2,matter_only,0.054370587312268626,0.9645376090391543,8,127,67,4,11,13,0.1625,0.0008115013031681884,False,True,False,False
"t=0.8,dt=0.4",0.8,0.4,2,joint,0.1488688504949081,0.9120835591783525,12,138,80,8,0,0,0.0,0.0018608606311863514,True,True,True,False
"t=0.8,dt=0.4",0.8,0.4,2,wilson_matter,0.1488688504949081,0.9120835591783525,9,137,71,5,1,9,0.1125,0.00209674437316772,True,True,True,False
"t=0.8,dt=0.4",0.8,0.4,2,matter_only,0.1488688504949081,0.9120835591783525,8,127,67,4,11,13,0.1625,0.0022219231417150466,True,True,True,True
"t=1,dt=0.5",1.0,0.5,2,joint,0.29815505395556813,0.828568663277655,12,138,80,8,0,0,0.0,0.0037269381744446015,True,False,False,False
"t=1,dt=0.5",1.0,0.5,2,wilson_matter,0.29815505395556813,0.828568663277655,9,137,71,5,1,9,0.1125,0.004199366957120678,True,False,False,False
"t=1,dt=0.5",1.0,0.5,2,matter_only,0.29815505395556813,0.828568663277655,8,127,67,4,11,13,0.1625,0.004450075432172658,True,False,False,False
"t=1.2,dt=0.6",1.2,0.6,2,joint,0.4727765130752234,0.705496436417771,12,138,80,8,0,0,0.0,0.005909706413440292,True,False,False,False
"t=1.2,dt=0.6",1.2,0.6,2,wilson_matter,0.4727765130752234,0.705496436417771,9,137,71,5,1,9,0.1125,0.006658824127820048,True,False,False,False
"t=1.2,dt=0.6",1.2,0.6,2,matter_only,0.4727765130752234,0.705496436417771,8,127,67,4,11,13,0.1625,0.007056365866794379,True,False,False,False
"t=0.8,dt=0.2",0.8,0.2,4,joint,0.19123136375971372,0.9781803369842867,12,254,144,8,-116,-64,-0.8,0.0013279955816646787,True,True,True,False
"t=0.8,dt=0.2",0.8,0.2,4,wilson_matter,0.19123136375971372,0.9781803369842867,9,253,135,5,-115,-55,-0.6875,0.0014165286204423238,True,True,True,False
"t=0.8,dt=0.2",0.8,0.2,4,matter_only,0.19123136375971372,0.9781803369842867,8,243,131,4,-105,-51,-0.6375,0.0014597814027459063,True,True,True,False
"t=1,dt=0.25",1.0,0.25,4,joint,0.3931837059180537,0.9541597209410155,12,254,144,8,-116,-64,-0.8,0.002730442402208706,True,True,True,False
"t=1,dt=0.25",1.0,0.25,4,wilson_matter,0.3931837059180537,0.9541597209410155,9,253,135,5,-115,-55,-0.6875,0.0029124718956892864,True,True,True,False
"t=1,dt=0.25",1.0,0.25,4,matter_only,0.3931837059180537,0.9541597209410155,8,243,131,4,-105,-51,-0.6375,0.0030014023352523183,True,True,True,False
